<keymap version="1" name="Default copy" parent="$default">
  <action id="ActivateLogcatToolWindow">
    <keyboard-shortcut first-keystroke="alt 6" />
  </action>
  <action id="ActivateTODOToolWindow" />
  <action id="FixDocComment">
    <keyboard-shortcut first-keystroke="ctrl alt slash" />
  </action>
  <action id="Kotlin.NewFile">
    <keyboard-shortcut first-keystroke="alt k" />
  </action>
  <action id="NewClass">
    <keyboard-shortcut first-keystroke="alt c" />
  </action>
  <action id="NewDir">
    <keyboard-shortcut first-keystroke="alt p" />
  </action>
  <action id="NewFile">
    <keyboard-shortcut first-keystroke="alt f" />
  </action>
  <action id="ToggleFullScreen">
    <keyboard-shortcut first-keystroke="alt f11" />
  </action>
  <action id="UpdateRunningApplication" />
  <action id="android.deploy.ApplyChanges">
    <keyboard-shortcut first-keystroke="ctrl f10" />
  </action>
  <action id="android.deploy.CodeSwap">
    <keyboard-shortcut first-keystroke="ctrl alt f10" />
  </action>
  <action id="template.create.XMLLayout XML File">
    <keyboard-shortcut first-keystroke="alt l" />
  </action>
</keymap>