<application>
  <component name="MaterialThemeConfig">
    <option name="compactDropdowns" value="true" />
    <option name="isCompactMenus" value="true" />
    <option name="isCompactStatusBar" value="true" />
    <option name="isCompactTables" value="true" />
    <option name="isPsiIcons" value="false" />
    <option name="isWizardShown" value="true" />
    <option name="overrideAccentColor" value="false" />
    <option name="pristineConfig" value="false" />
    <option name="accentColor" value="795548" />
    <option name="selectedTheme" value="ONE_DARK" />
    <option name="userId" value="-74b8e787:171fc650b23:-8000" />
    <option name="version" value="4.11.5" />
  </component>
</application>