<application>
  <component name="AppStorage">
    <histories>
      <item value="digit" />
      <item value="Class {@code PrinterInfo} is a printing attribute class, a text attribute, * that provides descriptive information about a printer. This could include * things like: {@code &quot;This printer can be used for printing color * transparencies for HR presentations&quot;}, or {@code &quot;Out of courtesy for others, * please print only small (1-5 page) jobs at this printer&quot;}, or even * {@code &quot;This printer is going away on July 1, 1997, please find a new * printer&quot;}." />
      <item value="An abstract class which initiates and executes a print job. * It provides access to a print graphics object which renders * to an appropriate print device." />
      <item value="The {@code PrinterJob} class is the principal class that controls * printing. An application calls methods in this class to set up a job, * optionally to invoke a print dialog with the user, and then to print * the pages of the job." />
      <item value="Services which are registered by {@link #registerService(PrintService)} will * not be included in lookup results if a security manager is installed and its * {@code checkPrintJobAccess()} method denies access." />
      <item value="This check is made on a per lookup service basis to allow flexibility in the * policy to reflect the needs of different lookup services." />
      <item value="A {@code PrintServiceLookup} implementor is recommended to check for the * {@code SecurityManager.checkPrintJobAccess()} to deny access to untrusted * code. Following this recommended policy means that untrusted code may not be * able to locate any print services. Downloaded applets are the most common * example of untrusted code." />
      <item value="Applications use only the static methods of this abstract class. The instance * methods are implemented by a service provider in a subclass and the * unification of the results from all installed lookup classes are reported by * the static methods of this class when called by the application." />
      <item value="Implementations of this class provide lookup services for print services * (typically equivalent to printers) of a particular type. * &lt;p&gt; * Multiple implementations may be installed concurrently. All implementations * must be able to describe the located printers as instances of a * {@code PrintService}. Typically implementations of this service class are * located automatically in JAR files (see the SPI JAR file specification). * These classes must be instantiable using a default constructor. Alternatively * applications may explicitly register instances at runtime." />
      <item value="Obtains an input stream for extracting byte print data from this doc. The * {@code Doc} implementation is required to support this method if the * {@code DocFlavor} has one of the following print data representation * classes; otherwise this method returns {@code null}:" />
      <item value="extracting" />
      <item value="This class extends {@link PrintService} and represents a print service that * prints data in different formats to a client-provided output stream. This is * principally intended for services where the output format is a document type * suitable for viewing or archiving. The output format must be declared as a * mime type. This is equivalent to an output document flavor where the * representation class is always &quot;java.io.OutputStream&quot; An instance of the * {@code StreamPrintService} class is obtained from a * {@link StreamPrintServiceFactory} instance." />
      <item value="Not all print services may be capable of delivering interesting events, * or even telling when a job is complete. This message indicates the print * job has no further information or communication with the print service. * This message should always be delivered if a terminal event * (completed/failed/canceled) is not delivered. For example, if messages * such as {@code JOB_COMPLETE} have NOT been received before receiving this * message, the only inference that should be drawn is that the print * service does not support delivering such an event." />
      <item value="Called to notify the client that no more events will be delivered. One * cause of this event being generated is if the job has successfully * completed, but the printing system is limited in capability and cannot * verify this. This event is required to be delivered if none of the other * terminal events (completed/failed/canceled) are delivered." />
      <item value="Class {@code DocFlavor.URL} provides predefined static constant * {@code DocFlavor} objects. For example doc flavors using a Uniform * Resource Locator ({@link java.net.URL java.net.URL}) as the print data * representation class." />
      <item value="Doc flavor with MIME type = {@code &quot;application/octet-stream&quot;}, print * data representation class name = {@code &quot;java.io.InputStream&quot;} (byte * stream). The client must determine that data described using this * {@code DocFlavor} is valid for the printer." />
      <item value="The client may free * data resources" />
      <item value="The job is not necessarily printed yet" />
      <item value="delivered" />
      <item value="further" />
      <item value="encapsulates" />
      <item value="capabilities" />
    </histories>
    <option name="languageScores">
      <map>
        <entry key="CHINESE" value="23" />
        <entry key="ENGLISH" value="24" />
      </map>
    </option>
  </component>
</application>