<keymap version="1" name="Default copy" parent="$default">
  <action id="FixDocComment">
    <keyboard-shortcut first-keystroke="ctrl alt slash" />
  </action>
  <action id="Kotlin.NewFile">
    <keyboard-shortcut first-keystroke="alt k" />
  </action>
  <action id="NewClass">
    <keyboard-shortcut first-keystroke="alt c" />
  </action>
  <action id="NewDir">
    <keyboard-shortcut first-keystroke="alt p" />
  </action>
  <action id="ToggleFullScreen">
    <keyboard-shortcut first-keystroke="f10" />
  </action>
</keymap>