<application>
  <component name="MaterialCustomThemeConfig">
    <option name="excludedColor" value="fdfdfdff" />
    <option name="accentColor" value="79cb60ff" />
    <option name="notificationsColor" value="dfecfeff" />
    <option name="treeSelectionColor" value="aeaeaeff" />
    <option name="highlightColor" value="cce5ffff" />
    <option name="secondBorderColor" value="b8b8b8ff" />
    <option name="tableSelectedColor" value="cce5ffff" />
    <option name="contrastColor" value="ffffffff" />
    <option name="disabledColor" value="6c737cff" />
    <option name="secondaryBackgroundColor" value="f7f8faff" />
    <option name="buttonColor" value="f1f3f6ff" />
    <option name="selectionForegroundColor" value="ffffffff" />
    <option name="selectionBackgroundColor" value="b8b8b8ff" />
    <option name="textColor" value="292d31ff" />
    <option name="foregroundColor" value="5b6168ff" />
    <option name="backgroundColor" value="f7f8faff" />
  </component>
</application>