<application>
  <component name="MaterialThemeConfig">
    <option name="compactDropdowns" value="true" />
    <option name="darkTitleBar" value="true" />
    <option name="isCompactMenus" value="true" />
    <option name="isCompactStatusBar" value="true" />
    <option name="isCompactTables" value="true" />
    <option name="isContrastMode" value="true" />
    <option name="isWizardShown" value="true" />
    <option name="pristineConfig" value="false" />
    <option name="rightTreeIndent" value="6" />
    <option name="accentColor" value="f44336" />
    <option name="selectedTheme" value="GITHUB" />
    <option name="userId" value="-365493a1:171143b80b8:-8000" />
    <option name="version" value="4.5.2" />
  </component>
</application>