<application>
  <component name="GitRememberedInputs">
    <option name="visitedUrls">
      <list>
        <UrlAndUserName>
          <option name="url" value="http://github.com" />
          <option name="userName" value="MinorPeng" />
        </UrlAndUserName>
        <UrlAndUserName>
          <option name="url" value="https://github.com/guolindev/coolweatherjetpack.git" />
          <option name="userName" value="" />
        </UrlAndUserName>
        <UrlAndUserName>
          <option name="url" value="https://github.com/fmtjava/Jetpack_GitHub.git" />
          <option name="userName" value="" />
        </UrlAndUserName>
      </list>
    </option>
    <option name="cloneParentDir" value="D:\Study\AndroidProjects\FromWeb" />
  </component>
  <component name="Vcs.Log.App.Settings">
    <option name="COLUMN_ORDER">
      <list>
        <option value="0" />
        <option value="1" />
        <option value="2" />
        <option value="3" />
      </list>
    </option>
  </component>
</application>