<application>
  <component name="AppStorage">
    <histories>
      <item value="Duplicate" />
      <item value="Interrupts" />
      <item value="Oval" />
      <item value="six" />
      <item value="sex" />
      <item value="Engineering" />
      <item value="remainder" />
      <item value="Decrease" />
      <item value="specified" />
      <item value="render" />
      <item value="translation" />
      <item value="paster" />
      <item value="Polaroid" />
      <item value="enabled status" />
      <item value="his method does not support glyph composition and decomposition and should * therefore not be used to render complex scripts. It also doesn't handle * supplementary characters (eg emoji)." />
      <item value="Hardware" />
      <item value="Represents a disposable resource." />
      <item value="ASYNC" />
      <item value="Subscribes the given Observer to this ObservableSource instance. * @param observer the Observer, not null * @throws NullPointerException if {@code observer} is null */" />
      <item value="Represents" />
      <item value="disposed" />
      <item value="Dispose" />
      <item value="Represents a disposable resource" />
      <item value="reference" />
      <item value="An object reference that may be updated atomically. See the {@link * java.util.concurrent.atomic} package specification for description * of the properties of atomic variables." />
      <item value="Abstraction over an RxJava {@link Observer} that allows associating * a resource with it." />
      <item value="emitter" />
      <item value="inject handlers to certain standard RxJava operations." />
      <item value="Attempts to acquire a recycled connection to {@code address} for {@code transmitter}. Returns * true if a connection was acquired" />
      <item value="Idle" />
      <item value="Returns the duration in nanos to sleep until the next scheduled call to this method" />
      <item value="the duration in nanos to sleep until the next scheduled call to this method. Returns * -1 if no further cleanups are required." />
      <item value="Nanos" />
      <item value="Performs" />
      <item value="maintenance" />
      <item value="Bridge between OkHttp's application and network layers. This class exposes high-level application * layer primitives: connections, requests, responses, and streams" />
      <item value="Transmits a single HTTP request and a response pair. This layers connection management and events * on {@link ExchangeCodec}, which handles the actual I/O." />
      <item value="repeated" />
      <item value="Transmits a single HTTP request and a response pair. This layers connection management and events * on {@link ExchangeCodec}, which handles the actual I/O" />
      <item value="decodes" />
      <item value="Bridges from application code to network code. First it builds a network request from a user * request. Then it proceeds to call the network. Finally it builds a user response from the network * response." />
      <item value="Transmits a single HTTP request and a response pair. This layers connection management and events" />
      <item value="The concrete route used by a connection to reach an abstract origin server. When creating a * connection the client has many options:" />
      <item value="Exchange" />
      <item value="This interceptor recovers from failures and follows redirects as necessary" />
      <item value="Promotes eligible calls from {@link #readyAsyncCalls} to {@link #runningAsyncCalls} and runs * them on the executor service. Must not be called with synchronization because executing calls * can call into user cod" />
      <item value="Promotes" />
      <item value="handshake" />
      <item value="Bridge between OkHttp's application and network layers. This class exposes high-level application * layer primitives: connections, requests, responses, and streams." />
      <item value="Transmitter" />
    </histories>
    <option name="languageScores">
      <map>
        <entry key="CHINESE" value="77" />
        <entry key="ENGLISH" value="77" />
        <entry key="ALBANIAN" value="2" />
        <entry key="FRENCH" value="2" />
        <entry key="NORWEGIAN" value="2" />
        <entry key="SLOVENIAN" value="1" />
      </map>
    </option>
  </component>
</application>