<application>
  <component name="AppStorage">
    <histories>
      <item value="abstract" />
      <item value="for strings and both primitives and their boxed types * to {@code text/plain} bodies." />
      <item value="emit Source" />
      <item value="Emit" />
      <item value="模运算" />
      <item value="Mode" />
      <item value="余数" />
      <item value="求余数" />
      <item value="取余" />
      <item value="Attribute dimension value multiplied by the appropriate * metric, or defValue if not defined." />
      <item value="relative" />
      <item value="烹饪步骤" />
      <item value="Returns the Legend object of the chart. This method can be used to get an * instance of the legend in order to customize the automatically generated * Legend" />
      <item value="恶意" />
      <item value="The scaled pixel size." />
      <item value="interpreted as &quot;scaled * pixel&quot; units. This size is adjusted based on the current density and * user font size preference." />
      <item value="* Set the default text size to the given value, interpreted as &quot;scaled * pixel&quot; units. This size is adjusted based on the current density and * user font size preference." />
      <item value="size The scaled pixel size." />
      <item value="Attribute dimension value multiplied by the appropriate * metric and truncated to integer pixels, or defValue if not defined." />
      <item value="Retrieve a dimensional unit attribute at &lt;var&gt;index&lt;/var&gt;. Unit * conversions are based on the current {@link DisplayMetrics} * associated with the resources this {@link TypedArray} object * came from. * &lt;p&gt; * This method will throw an exception if the attribute is defined but is * not a dimension." />
      <item value="Retrieve a dimensional unit attribute at &lt;var&gt;index&lt;/var&gt; for use * as a size in raw pixels. This is the same as * {@link #getDimension}, except the returned value is converted to * integer pixels for use as a size. A size conversion involves * rounding the base value, and ensuring that a non-zero base value * is at least one pixel in size." />
      <item value="Return if the padding has been set through relative values" />
      <item value="Hint" />
      <item value="the item is not a separator" />
      <item value="Returns true if the item at the specified position is not a separator. * (A separator is a non-selectable, non-clickable item). *" />
      <item value="padding The padding of this view for the current dimension and * margins, if applicable" />
      <item value="Does the hard part of measureChildren: figuring out the MeasureSpec to * pass to a particular child. This method figures out the right MeasureSpec * for one dimension (height or width) of one child view. * * The goal is to combine information from our MeasureSpec with the * LayoutParams of the child to get the best possible results. For example, * if the this view knows its size (because its MeasureSpec has a mode of * EXACTLY), and the child has indicated in its LayoutParams that it wants * to be the same size as the parent, the parent should ask the child to * layout given an exact size." />
      <item value="小写字母" />
      <item value="字母" />
      <item value="变量" />
      <item value="elevation" />
      <item value="the upper bound (exclusive). Must be positive." />
      <item value="exclusive" />
      <item value="Saves the current matrix and clip onto a private stack. * &lt;p&gt; * Subsequent calls to translate,scale,rotate,skew,concat or clipRect, * clipPath will all operate as usual, but when the balancing call to * restore() is made, those calls will be forgotten, and the settings that * existed before the save() will be reinstated." />
      <item value="Startx" />
      <item value="library is searched in Smart Code Completion by Maven repository" />
      <item value="Smart Code Completion" />
      <item value="负数" />
      <item value="正方形" />
      <item value="实心圆" />
      <item value="圆环" />
      <item value="Saves the current matrix and clip onto a private stack." />
      <item value="arc" />
      <item value="Starting angle (in degrees) where the arc begins" />
      <item value="三角形" />
      <item value="Enabled/disable granularity control on axis value intervals. If enabled, the axis * interval is not allowed to go below a certain granularity. Default: false" />
      <item value="Returns the Legend object of the chart. This method can be used to get an * instance of the legend in order to customize the automatically generated * Legend." />
      <item value="xcoordinate" />
      <item value="Form" />
      <item value="Set a custom minimum value for this axis. If set, this value will not be calculated * automatically depending on * the provided data. Use resetAxisMinValue() to undo this. Do not forget to call * setStartAtZero(false) if you use * this method. Otherwise, the axis-minimum value will still be forced to 0." />
    </histories>
    <option name="languageScores">
      <map>
        <entry key="CHINESE" value="193" />
        <entry key="ENGLISH" value="194" />
        <entry key="ALBANIAN" value="2" />
        <entry key="FRENCH" value="3" />
        <entry key="LATIN" value="1" />
        <entry key="NORWEGIAN" value="2" />
        <entry key="SLOVENIAN" value="1" />
      </map>
    </option>
  </component>
  <component name="Settings">
    <option name="ignoreRegExp" value="" />
  </component>
</application>