<application>
  <component name="AppStorage">
    <histories>
      <item value="library is searched in Smart Code Completion by Maven repository" />
      <item value="Smart Code Completion" />
      <item value="负数" />
      <item value="正方形" />
      <item value="实心圆" />
      <item value="圆环" />
      <item value="Saves the current matrix and clip onto a private stack." />
      <item value="arc" />
      <item value="Starting angle (in degrees) where the arc begins" />
      <item value="三角形" />
      <item value="Enabled/disable granularity control on axis value intervals. If enabled, the axis * interval is not allowed to go below a certain granularity. Default: false" />
      <item value="Returns the Legend object of the chart. This method can be used to get an * instance of the legend in order to customize the automatically generated * Legend." />
      <item value="xcoordinate" />
      <item value="Form" />
      <item value="Set a custom minimum value for this axis. If set, this value will not be calculated * automatically depending on * the provided data. Use resetAxisMinValue() to undo this. Do not forget to call * setStartAtZero(false) if you use * this method. Otherwise, the axis-minimum value will still be forced to 0." />
      <item value="this specifies which axis this DataSet should be plotted against" />
      <item value="疑似节点" />
      <item value="攻击" />
      <item value="行为" />
      <item value="轮数" />
      <item value="光强" />
      <item value="尝试" />
      <item value="服务条款" />
      <item value="portrait" />
      <item value="目的地" />
      <item value="目的" />
      <item value="验证" />
      <item value="恶意" />
      <item value="恶意节点" />
      <item value="路由表" />
      <item value="路由" />
      <item value="Humidity" />
      <item value="Chart" />
      <item value="* Default variation of {@link #TYPE_CLASS_NUMBER}: plain normal * numeric text. This was added in * {@link android.os.Build.VERSION_CODES#HONEYCOMB}. An IME must target * this API version or later to see this input type; if it doesn't, a request * for this type will be dropped when passed through * {@link android.view.inputmethod.EditorInfo#makeCompatible(int) * EditorInfo.makeCompatible(int)}." />
      <item value="Intersect the current clip with the specified path." />
      <item value="Non Null" />
      <item value="specified" />
      <item value="Foreground" />
      <item value="terms" />
      <item value="引导" />
      <item value="The horizontal position of this view relative to its left position, in pixels." />
      <item value="The visual x position of this view, in pixels." />
      <item value="Handles drag events sent by the system following a call to * {@link android.view.View#startDragAndDrop(ClipData,DragShadowBuilder,Object,int) * startDragAndDrop()}. *&lt;p&gt; * When the system calls this method, it passes a * {@link android.view.DragEvent} object. A call to * {@link android.view.DragEvent#getAction()} returns one of the action type constants defined * in DragEvent. The method uses these to determine what is happening in the drag and drop * operation. * @param event The {@link android.view.DragEvent} sent by the system. * The {@link android.view.DragEvent#getAction()} method returns an action type constant defined * in DragEvent, indicating the type of drag event represented by this object. * @return {@code true} if the method was successful, otherwise {@code false}. * &lt;p&gt; * The method should return {@code true} in response to an action type of * {@link android.view.DragEvent#ACTION_DRAG_STARTED} to receive drag events for the current * operation." />
      <item value="音量" />
      <item value="coordinate" />
      <item value="Signals to a View that the drag point has * entered the bounding box of the View." />
      <item value="Accessing non-final property sDis2Top in constructor Inspection info: This inspection reports dangerous operations inside constructors including:" />
      <item value="collided" />
      <item value="get Temp And Humidity" />
      <item value="Adapter position of the given View as of last layout pass or {@link #NO_POSITION} if * the View is representing a removed item." />
    </histories>
    <option name="languageScores">
      <map>
        <entry key="CHINESE" value="161" />
        <entry key="ENGLISH" value="161" />
        <entry key="ALBANIAN" value="2" />
        <entry key="FRENCH" value="3" />
        <entry key="LATIN" value="1" />
        <entry key="NORWEGIAN" value="2" />
        <entry key="SLOVENIAN" value="1" />
      </map>
    </option>
  </component>
  <component name="Settings">
    <option name="ignoreRegExp" value="" />
  </component>
</application>